ANSP / Drexel ID,Neotoma Site ID,Site name,Neotoma Diatom Dataset Id,Neotoma Water Chemistry Dataset ID
37,24281,Allegheny Reservoir,42748,
37,24307,Atwood,42780,
37,8587,Bald Hill,42844,
37,24348,Barber Pond,42825,
37,24324,Beaver Pond,42798,
37,13096,Billings Lake ,42757,
37,23285,Bissonette Pond,42749,
37,24306,Black,42779,
37,13057,Blackamore Pond,42828,
37,24372,Blake (Sutton),42853,
37,24322,Brindle Pond,42796,
37,24342,Brown Lake,42818,
37,24336,Catfish Pond,42812,
37,24343,Clamshell Pond,42819,
37,24304,Cranberry,42777,
37,24315,CROSBY P,42788,
37,24285,Deep Lake,42754,
37,24296,Eighth  Debsconeag,42768,
37,24325,Ellsworth Pond,42799,
37,24312,Fourth St John Pond,42785,
37,24289,Garnet Lake,42759,
37,24305,Gilman,42778,
37,24314,Gould Pond,42787,
37,24287,Grays Pond,42756,
37,24284,Halls Pond,42753,
37,24303,Havener,42776,
37,24369,High (sudbry),42850,
37,24326,Hills Pond,42800,
37,24363,Holland,42843,
37,24295,Hudson Pond,42766,
37,24346,Keech Pond,42822,
37,24328,Kilburn Pond,42802,
37,24341,Koehler's Pond,42817,
37,24339,Lake Sarah,42815,
37,24335,Lake Stockwell,42811,
37,24338,Lake Success,42814,
37,24331,Lake Tranquility,42807,
37,24320,Lake Winnisquam,42793,
37,24549,Lake Zoar,42755,
37,24290,Lawsons Lake,42760,
37,13049,Little Averill,42835,
37,24294,Little Big Wood Pond,42765,
37,24319,Little Greenough Pond,42792,
37,24362,Little Hosmer,42842,
37,24300,Little Pond,42772,
37,24299,Little Watchic,42771,
37,24360,Long (GRNSBO),42840,
37,24368,Long (SHEFLD),42849,
37,24291,Long Pond,42761,
37,24291,Long Pond,42805,
37,24291,Long Pond,42804,
37,24577,Lower Middle Branch,42763,
37,24292,Lower Spectacle Pond,42762,
37,24334,Maple Lake,42810,
37,24311,McLean,42784,
37,24355,Miles Pond,42833,
37,24333,Mirror Lake,42809,
37,13054,Morris Reservoir,42752,
37,24332,Mount Hope Lake,42808,
37,24344,Mud Pond,42820,
37,24310,Myrick,42783,
37,24317,Nassau Lake,42790,
37,24309,Nelson 3610,42782,
37,24357,NHD2267,42837,
37,24323,Ottarnic Pond,42797,
37,24288,Pattaconk Lake,42758,
37,24350,Peace Dale Reservoir,42827,
37,24293,Peaked Mountian Pond,42764,
37,24321,Pequawket Pond,42795,
37,24316,PERLEY POND,42789,
37,1450,Pleasant pond 3446,42767,
37,24340,Point View Reservoir,42816,
37,24351,Posneganset Pond,42829,
37,24349,Randall Pond,42826,
37,24359,Rescue,42839,
37,24356,Richmond,42836,
37,24282,Riga Lake,42750,
37,24352,Rockland Lake,42830,
37,24367,Round (SHEFLD),42848,
37,24353,Round Lake,42831,
37,24366,Schofield,42847,
37,24298,Second buttermilk,42770,
37,23152,Silver (Leictr),42834,
37,24347,Silver Lake,42824,
37,13061,Sip Pond ,42794,
37,24308,Skitacook,42781,
37,23156,Slatersville Reservoir (Upper),42823,
37,24345,Sly Pond,42821,
37,24313,Smiths Mill,42786,
37,24370,Spruce (Orwell),42851,
37,24365,Stannard,42846,
37,24337,Sunset Lake,42813,
37,24330,Third CT Lake,42806,
37,24297,Three corner pond 5384,42769,
37,24302,Unnamed,42775,
37,24354,Upper Cassadaga Lake,42832,
37,24318,Upper Danforth Pond,42791,
37,24327,Upper Kimball Pond,42801,
37,24371,Vail,42852,
37,24358,Waits,42838,
37,24361,Weatherhead Hollow Pond,42841,
37,24283,West Hill Pond,42751,
37,24329,White Lake,42803,
37,24364,Zack Woods,42845,
9,25899,(The) Horns P.,44764,44830
9,25900,Bean P.,44765,44831
9,25901,Beaver P.,44766,44832
9,25902,Black Mountain P.,44767,44833
9,25903,Black P.,44768,44834
9,13048,Branch P.,44769,44835
9,25904,Carter P. (Upper),44770,44836
9,24185,Cone P.,44771,44837
9,25905,Crystal P.,44772,44838
9,25906,Darrah P.,44773,44839
9,25907,East Chairback P.,44774,44840
9,25908,Ethan P.,44775,44841
9,25909,Fitts P.,44776,44842
9,25910,Goodall P.,44777,44843
9,25911,Granger P.,44778,44844
9,25912,Griffith P.,44779,44845
9,18865,Haystack P.,44780,44846
9,25913,Heald P.,44781,44847
9,25914,Horseshoe P.,44782,44848
9,25915,Horton P.,44783,44849
9,25916,Hough P. (Huff P.),44784,44850
9,25917,Hunnewell L.,44785,44851
9,25918,Jackson P.,44786,44852
9,25919,Jellison Hill P.,44787,44853
9,25920,Jimmie P.,44788,44854
9,25921,Kiah P.,44789,44855
9,25922,Kings Hill P.,44790,44856
9,25923,Klondike P.,44791,44857
9,25924,Lake Constance,NA,44858
9,25925,Ledge P.,44792,44859
9,25926,Levi P.,44793,44860
9,25927,Little East P.,44794,44861
9,25928,Little Ellis P.,44795,44862
9,18872,Little Long P.,44796,44863
9,25929,Little Sebago L.,44797,44864
9,25930,Long P. (Beaver Mt.),44798,44865
9,25931,Loon P.,44799,44866
9,1615,Lost P.,44800,44867
9,25932,Lower Greeley P.,44801,44868
9,25933,Middle Hall P.,44802,44869
9,25934,Moulton P.,44803,44870
9,25935,Mountain P. (Rangeley),44804,44871
9,25936,Mud P.,44805,44872
9,25937,North Beaverdam L.,44806,44873
9,25938,North King P.,44807,44874
9,25939,Osmore P.,44808,44875
9,25940,Peep L.,44809,44876
9,25941,Pigeon P.,44810,44877
9,25942,Piper P.,44811,44878
9,25943,Salmon P.,44812,44879
9,25944,Sand P.,44813,44880
9,25945,Sargent Mountain P.,44814,44881
9,25946,Solitude P.,44815,44882
9,25947,Speck P.,44816,44883
9,25948,Tumbledown P.,44817,44884
9,25949,Turner P.,44818,44885
9,25950,Unknown P.,44819,44886
9,25951,Unnamed P.,44820,44887
9,25952,Upper Greeley P.,44821,44888
9,25953,Walton P.,44822,44889
9,25954,West Garland P.,44823,44890
9,25955,Westford P.,44824,44891
9,25956,Worthley P.,44825,44892
41,14202,YU-100,53772,
41,14202,YU-101,53773,
41,14202,YU-61,53774,
41,14202,YU-67,53775,
41,14202,YU-84,53776,
41,14202,YU-85,53777,
41,14202,YU-86,53778,
41,14202,YU-87,53779,
41,14202,YU-88,53780,
41,14202,NE98-6BXB,53781,
41,14202,NE98-3BXB,53782,
41,14202,NE98-4BXB,53783,
41,14202,NE98-5BXB,53784,
41,14202,NE98-1BXB,53785,
41,14202,08-VI-97-3,53786,
41,14202,NE98-9BXB,53787,
41,14202,05-VI-97-1,53788,
41,14202,05-VI-97-2,53789,
41,14202,05-VI-97-3,53790,
41,14202,05-VI-97-4,53791,
41,14202,05-VI-97-5,53792,
41,14202,05-VI-97-6,53793,
41,14202,04-VI-97-1,53794,
41,14202,04-VI-97-2,53795,
41,14202,04-VI-97-4,53796,
41,14202,04-VI-97-3,53797,
41,14202,04-VI-97-5,53798,
41,14202,04-VI-97-6,53799,
41,14202,04-VI-97-7,53800,
41,14202,NE98-10BXB,53801,
41,14202,NE98-11BXB,53802,
10,8553,Lake Albert,54039,54105
10,9770,Alkali Lake,54040,54106
10,28900,Basin,54041,54110
10,28901,Big Quill,54042,54111
10,28902,Bitter,54043,54112
10,28903,Boucher,54044,54114
10,24504,Lake Byron,54045,54115
10,28908,Coldwater,54052,54116
10,9765,Coon Lake,54053,54117
10,19022,Deadmoose,54054,54118
10,28909,Devils,54055,54119
10,9671,Eckelson Lake,54056,54120
10,28910,E. Coteau,54057,54121
10,28911,E. Devils,54058,54122
10,9679,Elbow Lake,54059,54123
10,18983,Fife,54060,54125
10,28912,Fishing,54061,54126
10,9682,Free Peoples Lake,54062,54127
10,9681,Lake George,54063,54128
10,9767,Hazelden Lake,54064,54129
10,9702,Lake Herman,54065,54130
10,9750,Horseshoe Lake,54066,54131
10,13631,Humboldt Lake,54067,54132
10,9703,Lake Isabel,54068,54133
10,19033,Lenore,54069,54134
10,28913,Long,54070,54135
10,9776,Lake Madison,54072,54136
10,1676,Medicine Lake,54073,54138
10,9732,"Devils Lake, Mission Bay",54074,54139
10,1711,Moon Lake,54075,54140
10,9772,Lake Norden,54076,54143
10,9678,Lake Oakwood,54077,54144
10,18495,Opunitia,54078,54145
10,28914,Piyas,54079,54146
10,9775,Lake Poinsett,54080,54147
10,28915,Porter,54081,54148
10,28916,Rabbit,54082,54149
10,17712,Redberry Lake,54083,54150
10,28917,Reflex,54084,54151
10,28918,Roslyn Pond,54085,54152
10,9680,Round Lake,54086,54153
10,9715,Round Lake,54087,54154
10,9701,Roy Lake,54088,54155
10,28919,Sayer,54089,54156
10,9749,Shin Bone Lake,54090,54158
10,9739,Spring Lake,54091,54159
10,1222,Spiritwood Lake,54092,54160
10,9704,Stink Lake,54093,54161
10,9709,Stink Lake,54094,54162
10,28920,Tramping,54095,54163
10,9716,Twin Lakes (Be),54096,54164
10,1997,Wakaw,54097,54165
10,18114,Waldsea,54098,54166
10,11764,Waubay Lake,54099,54167
10,9763,West Stump Lake,54100,54170
10,8556,Alkaline,,54107
10,28921,Antelope,,54108
10,28922,Aroma,,54109
10,9651,Bitter (US),,54113
10,9764,E. Stump,,54124
10,28923,Manito,,54137
10,28924,Muskiki,,54141
10,28925,N. Blaine,,54142
10,28926,S. Blaine,,54157
10,28927,Whiteshore,,54168
10,28928,Willowbunch,,54169
11,26507,Amphitheater L.,46137,46182
11,26508,Barney L.,46138,46183
11,26509,Blue L.,46139,46184
11,26510,Breeze L.,46140,46185
11,26511,Bright Dot L.,46141,46186
11,26512,Bullfrog L.,46142,46187
11,26513,Columbine L.,46143,46188
11,26514,Constance L.,46144,46189
11,26515,Consultation L.,46145,46190
11,9712,Convict L.,46146,46191
11,26516,Cottonwood L.,46147,46192
11,26517,Dade L.,46148,46193
11,26518,Dragon L.,46149,46194
11,26519,Eastern Brook L.,46150,46195
11,13740,Eastern Twin L.,46151,46196
11,26520,Edna L.,46152,46197
11,26521,Emerald L.,46153,46198
11,26522,Fairy Shrimp L.,46154,46199
11,26523,Gem L.,46155,46200
11,26524,Harriet L.,46156,46201
11,26525,Heather (Tahoe) L.,46157,46202
11,26526,Kearsarge L.,46158,46203
11,26527,Kuna L. (11600),46159,46204
11,26528,Lake 45,46160,46205
11,26529,Lake 5,46161,46206
11,26530,Lake Dorothy,46162,46207
11,26531,Lake LeConte,46163,46208
11,26532,U Lake Wit-So-Nah-Pah,46164,46209
11,26533,Lower Cathedral L.,46165,46210
11,13742,Lundy L.,46166,46211
11,26534,Mosquito Lake 1,46167,46212
11,26535,Mosquito Lake 3,46168,46213
11,26536,Mosquito Lake 5,46169,46214
11,26537,Parker Pass L.,46170,46215
11,26538,Ruby L.,46171,46216
11,26539,Summit L.,46172,46217
11,26540,Tablemeadow L.,46173,46218
11,26541,Upper Angora L.,46174,46219
11,26542,Upper Frog L.,46175,46220
11,26543,Upper Gaylor L.,46176,46221
11,26544,Upper Granite L.,46177,46222
11,26545,Upper Rae L.,46178,46223
11,26546,Upper Treasure L.,46179,46224
11,13741,Western Twin L.,46180,46225
11,26547,Woods L.,46181,46226
17,13484,CI08,20300,20299
17,13485,CI09,20302,20301
17,13489,Lake S40,20318,20317
17,13497,Lake E505,20334,20333
17,13490,Long Lake,20320,20319
17,13491,Kettle Lake,20322,20321
17,13492,E509,20324,20323
17,13493,Lake E507,20326,20325
17,13494,E506,20328,20327
17,13495,HW06,20330,20329
17,13496,HW05,20332,20331
17,13497,Lake E505,20334,20333
17,13498,Lake E503,20336,20335
17,13500,Lake HW03,20339,20338
17,13501,Lake HW02,20341,20340
17,13502,Lake HW07,20343,20342
17,13503,Lake E515,20345,20344
17,13504,Lake E511,20347,20346
17,13505,Lake CI17,20349,20348
17,13506,Lake DV23,20351,20350
17,13508,CI22,20355,20354
17,13509,Lake DV07,20357,20356
17,13510,Lake CI23,20359,20358
17,13511,Lake DV10,20361,20360
17,13512,Lake DV05,20363,20362
17,13513,CI25,20365,20364
17,13514,Lake DV06,20367,20366
17,13515,Lake CI26,20369,20368
17,13517,Lake CI34,20374,20373
17,13518,Lake DV08 ,20376,20375
17,13519,Lake CI33,20378,20377
17,13520,Lake CI29,20380,20379
17,13521,Lake DV01,20382,20381
17,13522,Lake DV02,20384,20383
17,13523,Lake CI32,20386,20385
17,13524,Lake CI31,20388,20387
17,13527,Allen Lake,20394,20393
17,13529,Wolf Lake,20399,20398
17,13530,Lake CI14,20401,20400
17,13545,Lake WB07,20433,20432
17,13558,Lake WB01,20457,20456
17,13559,Lake WB05,20459,20458
17,13560,Lake WB02,20461,20460
17,13561,Lake WB04,20463,20462
17,13562,Lake WB03,20465,20464
17,13563,Lake CI12,20467,20466
17,13564,Lake CI11,20469,20468
17,13565,Like CI10,20471,20470
17,13566,Lake KR07,20473,20472
17,13567,Lake KR02,20477,20476
17,13568,Lake KR01,20479,20478
17,13569,Lake KR04,20481,20480
17,13570,Lake KR08,20483,20482
17,13571,Lake JR02,20485,20484
17,13572,Lake JR01,20487,20486
17,13573,Lake JR05,20489,20488
17,13574,Lake JR06,20491,20490
18,11863,Anderson Lake,17964,17963
18,11864,Bayers,17966,17965
18,11865,Bell Lake,17968,17967
18,11866,Cranberry Lake,17970,17969
18,11867,Frasers Lake,17972,17971
18,11868,Kinsac lake,17974,17973
18,11869,Little Albro Lake,17976,17975
18,11870,Little Springfield,17978,17977
18,11871,Maynard Lake,17980,17979
18,11872,Miller Lake,17982,17981
18,11873,Powder Mill,17984,17983
18,11874,Russell Lake,17986,17985
18,11875,Soldier Lake,17988,17987
18,11879,Thomas Lake,17999,17998
18,11880,Whimsical Lake,18001,18000
18,11881,Chocolate Lake,18003,18002
18,11882,First Chain Lake,18005,18004
18,11883,Frenchman Lake,18007,18006
18,11884,Lake Major,18009,18008
18,11885,Second Lake,18011,18010
18,11886,Shubenacadie Grand Lake,18013,18012
18,11887,Topsail Lake,18015,18014
18,11888,Big Albro Lake,18017,18016
18,11892,Frog Pond,18025,18024
18,11893,Governor Lake,18027,18026
18,11894,Kearney Lake,18029,18028
18,11895,Lemont Lake,18031,18030
18,11896,Long Lake,18033,18032
18,11897,Loon Lake,18035,18034
18,11898,McCabe Lake,18037,18036
18,11899,Lake MicMac ,18039,18038
18,11900,Oat Hill,18041,18040
18,11901,Paper Mill,18043,18042
18,11902,Powers Pond,18045,18044
18,11903,Rocky Lake,18047,18046
18,11904,Sandy Lake,18049,18048
18,11906,Second Lake,18055,18054
18,11908,Springfield Lake,18057,18056
18,11911,Lake William,18065,18064
18,11912,Williams Lake,18067,18066
18,11913,Lake Banook,18069,18068
18,11914,Bisset Lake,18071,18070
18,11915,Lake Charles,18073,18072
18,11916,Fletchers Lake,18075,18074
18,11917,Morris Lake,18077,18076
18,11918,Pennhorn lake,18079,18078
18,11919,Settle Lake,18081,18080
19,11861,Beaverskin Lake,17958,
19,11826,Big Dam Lake East,17955,
19,11827,Big Dam Lake West,17954,
19,11803,Cradle Lake,17961,
19,11858,Deer Lake,17952,
19,11848,Dundas (Lake 4),17962,
19,11860,Frozen Ocean Lake,17956,
19,11760,Grafton Lake,17738,
19,11777,Lake of Islands,17814,
19,11763,Pebbleloggitch Lake,17772,
19,11836,Peskawa Lake,17957,
19,11846,Peskowesk Lake,17953,
19,11812,Warren Lake,17960,
19,11782,White Hill Lake,17819,
20,29,Lake Allie,17473,
20,318,Burntside Lake,17506,
20,344,Cedar Bog,17642,
20,697,Dogfish Lake,17480,
20,1526,Kylen Lake,17670,
20,1548,Lake Carlson,17532,
20,1664,McCraney Lake,17411,
20,1820,Pennington Lake,17679,
20,2293,Shagawa Lake,17508,
20,2524,Sunfish Lake,17663,
20,2548,Quallen Lake [Terhell Pond],17550,
20,7532,Cottonwood Lake,17471,
20,9594,Beaver Lake,17584,
20,9825,Kelly-Dudley Lake,17564,
20,9940,Dead Coon Lake,17447,
20,10091,Elk Lake,17645,
20,10134,Little Horseshoe Lake,17661,
20,10144,Saint Olaf Lake,17580,
20,11612,Pickerel Lake,17408,
20,11614,Lake of the Valley,17413,
20,11615,Long Lake,17415,
20,11618,Buffalo Lake,17421,
20,11619,Cedar Lake,17423,
20,11620,Fox Lake,17425,
20,11621,Bright Lake,17427,
20,11622,South Silver Lake,17429,
20,11623,Budd Lake,17431,
20,11624,Hall Lake,17433,
20,11625,Charlotte Lake,17435,
20,11626,Arco Lake,17437,
20,11627,Josephine Lake,17439,
20,11628,Deming Lake,17441,
20,11629,Squaw Lake,17443,
20,11630,Wood Lake,17445,
20,11631,Sarah Lake,17449,
20,11632,Oaks Lake,17451,
20,11633,Lake Shetek,17453,
20,11634,Talcott Lake,17455,
20,11635,Island Lake,17457,
20,11636,Sturgeon Lake,17459,
20,11637,Coffee Lake,17461,
20,11638,Lords Lake,17463,
20,11639,First Lake,17465,
20,11640,Long Lake,17467,
20,11641,Bald Eagle Lake,17469,
20,11642,Lake Minnewashta,17475,
20,11644,Fall Lake,17478,
20,11645,Meander Lake,17482,
20,11646,Saganaga lake,17484,
20,11647,Trout Bay,17486,
20,11648,Gneiss Lake,17487,
20,11649,Maraboeuf Lake,17488,
20,11650,Burnside Lake,17490,
20,11651,Lake South of Burnside,17492,
20,11652,Basset Lake,17494,
20,11653,Whitefish Lake,17496,
20,11654,Kremer Lake,17498,
20,11655,Surprise lake,17500,
20,11656,Caribou Lake,17502,
20,11657,Fenske Lake,17504,
20,11658,Pine Lake,17510,
20,11659,Nickel Lake,17512,
20,11660,Bass Lake,17514,
20,11661,Big Pine,17516,
20,11662,Cedar Lake,17518,
20,11663,Harriet Lake,17520,
20,11664,Lake Calhoun,17522,
20,11665,Hiawatha Lake,17524,
20,11666,Lake Nokomis,17526,
20,11667,Wirth Lake,17528,
20,11668,Lake of Isles,17530,
20,11669,Washburn lake,17534,
20,11670,Woods Lake,17536,
20,11671,Leavitt Lake,17538,
20,11672,Margaret Lake,17540,
20,11673,Pike Lake,17542,
20,11674,Gull Lake,17544,
20,11675,Nemec Lake,17546,
20,11676,Gardner Lake,17548,
20,11677,Waubun Lake,17552,
20,11678,Fox Lake,17554,
20,11679,Bryant Lake,17556,
20,11680,Lake Riley,17558,
20,11681,Forest Lake,17560,
20,11682,McCarrons Lake,17562,
20,11683,Lake Mazaska,17566,
20,11684,Kandyohi Lake,17568,
20,11685,Lake Wagonga,17570,
20,11686,Green Lake,17572,
20,11687,Cokato Lake,17574,
20,11688,Shields Lake,17576,
20,11689,Madison Lake,17578,
20,11690,Hunt Lake,17582,
20,11691,Tetonka Lake,17586,
20,11692,Willmar Lake,17588,
20,11693,Brownie Lake,17590,
20,11694,School Grove Lake,17592,
20,11695,Christmas Lake,17594,
20,11697,High Lake,17599,
20,11698,Bass Lake,17601,
20,11699,Low Lake,17603,
20,11700,Dry Lake,17605,
20,11701,Hornby Lake,17607,
20,11703,Pine Lake,17611,
20,11704,McIntyre Lake,17613,
20,11705,Indiana Lake,17615,
20,11707,Thompson Lake,17619,
20,11708,Railroad Lake,17621,
20,11709,Red Lake,17623,
20,11710,Tony Lake,17625,
20,11711,Kroon Lake,17627,
20,11712,Shields Lake,17629,
20,11713,Moody Lake,17631,
20,11714,Peterson Lake,17633,
20,11715,Bone Lake,17635,
20,11716,Square Lake,17637,
20,11717,Sand Lake,17639,
20,11718,Lake Andrew,17641,
20,11720,Carver Lake,17647,
20,11721,East Boot Lake,17649,
20,11722,Lake Jane,17651,
20,11723,Long Lake,17653,
20,11724,Powers Lake,17655,
20,11725,Holland Lake,17657,
20,11726,Devils Lake,17659,
20,11727,Cloverdale Lake,17665,
20,11729,Clear Lake,17674,
20,11730,Mays Lake,17676,
20,11731,Clear Lake,17678,
20,11732,Gervais Lake,17681,
20,11733,Lake Owasso,17683,
20,11734,Lake Wabasso,17685,
20,11735,Adams Lake,17687,
20,11737,Comfort Lake,17691,
20,11738,West Boot Lake,17693,
20,11739,Skogman Lake,17695,
20,11740,Goose Lake,17697,
20,11741,Big Horseshoe Lake,17699,
20,11742,Fish Lake,17701,
20,11743,Twin Lake,17703,
20,11744,Twin Lake,17705,
20,11745,Fish (Dakota),17707,
20,11746,Sakatah lake,17709,
20,11762,Tamarack Lake,17771,
20,13313,Woodworth Lake 4,19864,
20,13314,Woodworth Lake 2,19866,
20,13887,Pokegamma Lake,21298,
20,13891,Cucumber Lake,21303,
21,13027,A. Clement,19321,19320
21,13067,Bennetts Pond,19394,19393
21,13028,Campells Pond,19400,19399
21,13029,Cedar Lake,19327,19326
21,13030,Cedar Lake 2,19329,19328
21,13031,Chesler Lake,19331,19330
21,13032,Clint Millpond,19333,19332
21,13033,Cooper River Lake,19335,19334
21,13034,Crystal Spring Lake,19337,19336
21,13035,Cumberland Pond,19339,19338
21,13070,Dennisville Lake,19402,19401
21,13036,Echo Lake,19340,19691
21,13071,Flamingo Lake,19404,19403
21,13037,Gardners Pond,19342,19341
21,13038,Harrisville Lake,19344,19343
21,13074,Japanese Garden,19409,
21,13039,Kittatiny Lake,19346,19345
21,13072,Lefferts Lake ,19406,19405
21,13075,Millhurst Pond,19411,19410
21,13076,Muchshaw Pond,19412,
21,13078,Brainerd Lake(NJSD17_5),19415,
21,13080,Saginaw Lake,19417,19416
22,13045,Spring Grove Pond,19363,
22,13046,Otter Pond ,19364,
22,13047,Little Diamond Pond ,19365,
22,13048,Branch Pond ,19366,
22,13049,Little Averill Pond ,19367,
22,13050,Pocotopaug Lake ,19368,
22,13051,Scott Pond ,19369,
22,13052,Lake Quannapowitt,19370,
22,1688,Flax Pond,19371,
22,13053,White pond ,19372,
22,13054,Bantam Lake ,19373,
22,13055,Hatch Pond ,19374,
22,13056,Wyassup Lake ,19375,
22,13057,Blackmore,19376,
22,13058,Spectacle Pond ,19377,
22,13061,Sip Pond ,19382,
22,13084,Lower Middle Branch Pond,19426,
22,13087,Tripp Pond,19431,
22,1697,Walden Pond ,19434,
22,13090,Keg Lake,19437,
22,13093,Uncas Pond ,19442,
22,13095,Carr Pond ,19445,
22,13096,Billings Lake ,19446,
22,13097,Walkers Pond ,19447,
22,13098,Beseck Lake ,19448,
22,13099,Sheep Pond ,19449,
22,13100,Warwick Pond ,19450,
22,13101,Bashan Lake,19451,
22,13102,White Island Pond ,19452,
22,13103,Boone Lake ,19453,
22,13104,Reservoir Pond ,19454,
22,13105,North Springfield Reservoir ,19455,
22,13106,Lake Mascoma,19456,
22,13107,Success Pond ,19457,
22,13108,Flints Pond,19458,
22,13109,Adder Pond (Hopkins Pond),19459,
22,13110,Lake Winnipesaukee,19460,
22,13111,Sand Pond,19461,
22,13112,Little Sunapee Lake,19462,
22,13113,Kingswood Lake ,19463,
22,13114,Baboosic Lake ,19464,
22,13119,Martin Meadow Pond ,19473,
22,13120,Lake Monnomonac,19474,
22,13122,Howe Reservoir ,19477,
22,13124,Indian Pond ,19480,
22,13126,Canaan Street Lake ,19483,
22,13128,Bow Lake,19486,
22,13130,Cub Pond ,19489,
22,13131,Sunset Lake,19490,
22,13132,Carmi Lake ,19491,
22,13133,Doughty Pond ,19492,
22,13140,North Sibley Pond ,19505,
22,13141,Lake Elmore ,19506,
22,13142,Peacham Pond,19507,
22,13143,Lake Bomoseen ,19508,
22,13144,Sabin Pond ,19509,
22,13145,Indian Brook Reservoir ,19510,
22,13146,Salem Little ,19511,
22,13148,East Long Pond ,19514,
22,13150,Old Marsh Pond,19517,
22,13152,Neal Pond,19520,
22,13154,Iroquois Lake ,19523,
23,13317,Bradford Acres Pond,19872,19871
23,13318,Crawford Pond,19873,19874
23,13319,Crow Hill,19876,19875
23,13320,Flagg Pond,19878,19877
23,13321,Georgia Farm,19880,19879
23,13322,Georgia Farm 2,19881,19879
23,13323,Georgia Farm 3,19882,19879
23,13324,Hamorton Woods,19884,19883
23,13325,Hammer Hallow,19886,19885
23,13326,North Hills,19888,19887
23,13327,Penn Woods,19890,19889
23,13328,Runnymede,19892,19891
23,13329,Vollmecke Farm,19894,19893
23,13330,Wagner Pond,19896,19895
24,13158,Watchu Pond,19531,19530
24,13160,Silver Lake ,19535,19534
24,13163,Rhodo Lake,19541,19540
24,13165,Laurel Lake ,19545,19544
24,13167,Lower Sylvan Lake ,19549,19548
24,13170,Lummis Mill Pond ,19555,19554
24,13172,Hospitality Lake ,19559,19558
24,13174,Albert Lake ,19563,19562
24,13176,Harrisonville Lake,19567,19566
24,13178,Lake Takanassee,19571,19570
24,13181,North Hudson Park Lake ,19577,19576
24,13182,Allamuchy Pond,19579,19578
24,13183,George Lake ,19581,19580
24,13190,Amwell Lake ,19594,19593
24,13191,Girl Scout Pond ,19596,19595
24,13192,Tamarack Lake ,19598,19597
24,13193,Glovers Pond ,19600,19599
24,13194,Ames Lake ,19602,19601
24,13195,Heaters Pond ,19604,19603
24,13196,Heratige Lakes,19606,19605
24,13197,Scarlet Oak Pond ,19608,19607
24,13198,Shepherd Lake ,19610,19609
24,13199,Algonquain Waters Lake ,19612,19611
24,13200,Panther Lake ,19614,19613
24,13201,Stag Pond ,19622,19621
24,13202,Culvers Lake ,19624,19623
24,13203,Wawayanda Lake,19626,19625
24,13204,Rainbow Lakes ,19628,19627
24,13205,Ravine Lake ,19630,19629
24,13206,Sycamore Lake ,19632,19631
24,13207,Stephen Lake ,19634,19633
24,13208,Basgalore Lake ,19636,19635
24,13209,Bee Meadow Pond ,19638,19637
24,13210,Monongahela Lake ,19640,19639
24,13211,Lower Aetna Lake ,19644,19643
24,13212,Weston Mill Pond ,19650,19648
24,13213,Dixons Pond,19654,19653
24,13214,Foxs Pond,19656,19655
24,13215,Mountain Lake ,19660,19659
24,13216,Longwood Lake,19664,19663
24,13217,Lower Twin Lake ,19666,19665
24,13218,Spring Valley Lake,19668,19667
24,13219,Sunfish Pond ,19670,19669
24,13220,East Lake ,19672,19671
24,13222,Turtle Pond,19676,19675
24,13223,Iliff Lake,19678,19677
24,13224,Skyline Lakes ,19680,19679
24,13225,Stone Tavern ,19682,19681
24,13226,Greenwood Pond,19684,19683
25,13227,Bells Lake,19686,19685
25,13228,Cedar Lake 2,19688,19687
25,13229,Chesler Lake ,19690,19689
25,13036,Echo Lake,19692,19691
25,13231,Farrington Lake,19696,19695
25,13037,Gardners Pond,19698,19697
25,13232,Greenwood Lake,19700,19699
25,13233,Jeddys Pond,19702,19701
25,13236,Lefferts Lake,19708,19707
25,13237,Liberty Lake,19710,19709
25,13079,Saginaw Lake,19714,19713
25,13239,Stony Lake ,19716,19715
25,13240,Watchung Lake,19718,19717
26,13241,Colonial Lake,19720,19719
26,13232,Greenwood Lake ,19722,19721
26,13242,Braddocks Millpond ,19724,19723
26,13178,Lake Takanassee,19726,19725
26,13243,Sheppard Pond,19727,
26,13244,Panther Lake,19729,19728
26,13202,Culvers Lake ,19731,19730
26,13203,Wawayanda Lake ,19733,19732
26,13209,Bee Meadow Pond,19735,19734
26,13245,Weston Mill Pond ,19736,
26,13246,Valhalla Lake ,19737,
26,13215,Mountain Lake ,19738,
26,13247,Crystal Lake,19739,
26,13219,Sunfish Pond,19740,
26,13223,Iliff Lake,19741,
26,13224,Skyline Lakes ,19742,
26,13225,Stone Tavern ,19743,
26,13248,Marcia Lake,19745,19744
26,13249,Decou Pond ,19747,19746
26,13250,Terrace Pond,19749,19748
26,13251,Surprise Lake ,19751,19750
26,13252,Budd Lake ,19752,
26,13253,White Lake-Sparta ,19753,
26,13254,Laurel Pond ,19754,
26,13255,West Pond,19755,19756
26,13256,Franklin Pond ,19757,
26,13257,Goose pond ,19758,
26,13258,Lake Hopatcong,19759,
26,953,Green Pond ,19760,
26,13259,Green Turtle Lake ,19761,
26,13261,Stickle Pond ,19764,
26,13263,Howell Pond ,19767,
26,13264,Lake Aeroflex,19768,
26,13265,Lake Owassa ,19769,
26,13266,Little Swartswood Lake ,19770,
26,13267,Lake Grinnell (Lanes Pond),19771,
26,13268,Swartswood Lake ,19772,
26,13269,Sand Pond ,19773,
26,13270,Cedar Lake,19774,
26,13271,Hoppers Lake ,19775,
26,13272,Bunker Pond,19776,
26,13273,Upper Blauvelt Lake ,19777,
28,14085,Clearwater,21947,
28,14087,Mountaintop,21949,
28,14088,Wavy,21951,
28,14089,Chiniguichi,21953,
28,14090,Acid,21955,
28,14093,Johnnie,21961,
28,14092,Terry,21959,
28,14091,Swan,21957,
28,14094,Bell,21963,
28,14095,Carlyle,21965,
28,14096,George,21967,
28,14097,Tyson,21969,
28,14098,Whitepine,21971,
28,14099,Whitson,21973,
28,14100,Labelle,21975,
28,14102,Baby,21979,
28,14103,Clarabelle,21981,
28,14105,Middle,21985,
28,14106,Round,21987,
28,14107,Daisy,21989,
28,14108,Whitepine(Aurora),21991,
28,14109,Bowland,21993,
28,14110,Whirligig,21995,
28,14111,Little Whitepine,21997,
28,14112,Ramsey,21999,
28,14113,Nickel,22001,
28,14114,Blue North,22003,
28,14114,Blue South,22005,
28,14115,Cache,22007,
28,14116,Crab,22009,
28,14117,Ella South ,22011,
28,14117,Ella North,22013,
28,14118,Roland,22015,
28,14119,Seal,22017,
28,14120,Skynner,22019,
28,14121,Waddell,22021,
28,14123,Little Amy,22024,
28,14124,Selwyn,22026,
28,14125,Chain,22028,
28,14126,Clearwater,22030,
28,14127,David,22032,
28,14128,Helen,22034,
28,14129,Ishmael,22036,
28,14130,Kakakise,22038,
28,14131,Killarney,22040,
28,14134,Low,22050,
28,14135,Nellie,22052,
28,14136,Norway,22054,
28,14137,O.S.A,22056,
28,14138,Partridge,22058,
28,14139,Teardrop,22060,
30,27948,Plateau2,51805,51827
30,27949,BurroughsGlacier,51806,51828
30,27950,Casement2,51807,51829
30,27951,Plateau1,51808,51830
30,27952,SealRiver,51809,51831
30,27953,Wachusett,51810,51832
30,27954,ForestCreek,51811,51833
30,27955,WolfCreek,51812,51834
30,27956,Nunatak,51813,51835
30,27957,KlotzHills,51814,51836
30,27958,Charpentier,51815,51837
30,27959,HutchinsBay,51816,51838
30,27960,BartlettRiver,51817,51839
30,27961,RippleCove,51818,51840
30,27962,CoalCreek,51819,51841
30,27963,RedLoon,51820,51842
30,27964,Huscroft,51821,51843
30,27965,LaPerouse,51822,51844
30,27966,Crillon,51823,51845
30,27967,Pleasant1,51824,51846
30,27968,PleasantMuskeg,51825,51847
30,27969,Pleasant3,51826,51848
31,27905,Inconnu 19,51759,
31,27906,Inconnu 24,51760,
31,27907,Topus [Inconnu 25],51761,
31,27908,Lac Deux Montagnes [Des Montagnes],51762,
31,27909,Lac Aldas (Inconnu 39),51763,
31,27910,Lac Altura [Altona],51764,
31,27911,Lac Arsenault,51765,
31,27912,Lac à la Truite [Brunet],51766,
31,27913,Lac Debau,51767,
31,27914,Lac Dieppe,51768,
31,27915,Lac Disson,51769,
31,27916,Lac Ducharme,51770,
31,27917,Lac Edrien,51771,
31,27918,Lac Fabie,51772,
31,27919,Lac Pas de Fond,51773,
31,27920,Lac Garrot,51774,
31,27921,Lac Gérin,51775,
31,27922,Lac Highlift,51776,
31,27923,Lac Kapekwacata,51777,
31,27924,KC (Enache and Prairie 2002),51778,
31,27925,Lac Francis [KF (Enache and Prairie 2002)],51779,
31,27926,KG (Enache and Prairie 2002),51780,
31,27927,KH (Enache and Prairie 2002),51781,
31,27928,KI (Enache and Prairie 2002),51782,
31,27929,KJ (Enache and Prairie 2002),51783,
31,27930,KL (Enache and Prairie 2002),51784,
31,27931,Lac Landry,51785,
31,27932,Lac Langy,51786,
31,27933,Lac Lesage,51787,
31,27934,Lac Leslee,51788,
31,27935,Lac Long,51789,
31,27936,Lac Marlon,51790,
31,27937,Lac Matissard,51791,
31,27938,Lac Morillon,51792,
31,27939,Lac Petit Aldas,51793,
31,27940,Lac Petoncle,51794,
31,27941,Lac Poison,51795,
31,27942,Lac Vert,51796,
31,27943,Lac Vose,51797,
31,27944,Lac Waite,51798,
31,27945,Lac Lassus,51799,
31,27946,Lac Rich,51800,
32,8587,Bald Hill,49957,51856
32,24372,Blake (sutton),49958,51859
32,24369,High (sudbry),49959,51868
32,24363,Holland,49960,51869
32,24362,Little Hosmer,49961,51876
32,24360,Long (grnsbo),49962,51877
32,24368,Long (shefld),49963,51878
32,24367,Round (shefld),49964,51891
32,24366,Schofield,49967,51892
32,24370,Spruce (orwell),49968,51896
32,24365,Stannard,49969,51897
32,24371,Vail,49970,51900
32,24364,Zack Woods,49971,51902
33,26224,Abenaki,50077,
33,27716,Beebe (sundld),50078,
33,27717,Big Muddy,50079,
33,27718,Cedar,50080,
33,27719,Center,50081,
33,27720,Cranberry Meadow,50082,
33,27721,Echo (hubdtn),50083,
33,27722,Glen,50084,
33,26274,Groton,50085,
33,24417,Jobs,50086,51871
33,27723,Kettle,50087,
33,27724,Little (elmore),50088,
33,27725,Little (winhll),50089,
33,13049,Little Averill,50090,51875
33,27726,Mile,50091,51881
33,24355,Miles,50092,51882
33,27727,Mud (hydepk),50093,
33,27728,Mud (leictr),50094,
33,27729,Mud (peachm),50095,
33,27730,Mud (westmr)-w,50097,
33,27731,Nojoe,50098,
33,24537,Parker,50099,
33,27732,Pico,50100,
33,24356,Richmond,50101,51889
33,27733,Ritterbush,50102,
33,13580,Rood,50103,
33,27734,Salem,50104,
33,27735,Shippee,50105,
33,23152,Silver (leictr),50106,51895
33,27736,South America,50107,
33,27737,South Richford;,50108,
33,24706,Spring (shrwby),50109,
33,27738,Tuttle (hardwk),50110,
33,27739,Unknown (avgor),50111,
33,27740,Wallingford,50112,
33,27741,Woodward,50113,
34,25901,Beaver (hollnd),50193,51857
34,13132,Carmi,50194,51861
34,27816,Crystal (barton),50195,51862
34,27817,Gillett,50196,51865
34,27818,Great Averill,50197,51866
34,24369,High (sudbry),50198,51868
34,24417,Jobs,50199,51870
34,27819,Lily (vernon),50200,51872
34,27820,Little (wells),50201,51873
34,13049,Little Averill,50202,51874
34,27821,Mitchell,50203,51884
34,27822,Ninevah,50204,51886
34,27823,Norton,50205,51887
34,13142,Peacham Pond,50206,51888
34,27824,Round (hollnd),50207,51890
34,27825,Seymour,50208,51893
35,27829,Mollys Falls,50213,51885
35,26467,Ticklenaked,50214,51899
35,27826,Beecher,50209,51858
35,27827,Hartwell,50210,51867
35,24417,Jobs,50211,51871
35,27828,Walker (covnty),50212,51901
36,27796,Buck,50156,51860
36,27797,Forest (calais),50157,51863
36,27798,Fosters,50158,51864
36,27799,Long (westmr),50159,51879
36,24583,Maidstone Lake,50160,51880
36,27800,Miller,50161,51883
36,26449,Shadow (glover),50162,51894
36,27801,Sunset (benson),50163,51898
16,14195,ELA 93 (Enache et al 2011),22178,22179
16,14197,ELA 99 (Enache et al 2011,22182,22183
16,14166,ELA 101 (Enache et al 2011),22124,22125
16,14167,ELA 109 (Enache et al 2011),22126,22127
16,14168,ELA 110 (Enache et al 2011),22128,22129
16,14157,ELA 111 (Enache et al 2011),22106,22107
16,14169,ELA 114 (Enache et al 2011),22130,22131
16,14170,ELA 115 (Enache et al 2011),22131,22132
16,14171,ELA 127 (Enache et al 2011),22133,22134
16,14172,ELA 129 (Enache et al 2011),22135,22136
16,14173,ELA 131 (Enache et al 2011),22137,22138
16,14174,ELA 132 (Enache et al 2011),22139,22140
16,14175,ELA 149 (Enache et al 2011),22141,22142
16,14176,ELA 150 (Enache et al 2011),22143,22144
16,14177,ELA 163 (Enache et al 2011),22145,22146
16,14164,Wasp Lake [ELA 164 (Enache et al 2011)],22120,22121
16,14178,Wasp Lake [ELA 165 (Enache et al 2011)],22147,22148
16,14179,ELA 224 (Enache et al 2011),22149,22150
16,14180,ELA 226 (Enache et al 2011),22150,22151
16,14158,Boundary Lake [ELA 240 (Enache et al 2011)],22108,22109
16,14156,Veronica Lake [ELA 256 (Enache et al 2011)],22104,22105
16,14181,ELA 257 (Enache et al 2011),22151,22152
16,14182,ELA 373 (Enache et al 2011),22153,22154
16,14183,ELA 377 (Enache et al 2011),22155,22156
16,14184,ELA 378 (Enache et al 2011),22157,22158
16,14185,ELA 383 (Enache et al 2011),22159,22160
16,14186,ELA 384 (Enache et al 2011),22161,22162
16,14159,Windermere Lake [ELA 435 (Enache et al 2011)],22110,22111
16,14187,ELA 436 (Enache et al 2011),22163,22164
16,14165,ELA 438 (Enache et al 2011),22122,22123
16,14160,ELA 468 (Enache et al 2011),22112,22113
16,14188,ELA 470 (Enache et al 2011),22165,22166
16,14189,ELA 625 (Enache et al 2011),22167,22168
16,14190,ELA 626 (Enache et al 2011),22169,22170
16,14191,ELA 627 (Enache et al 2011),22171,22172
16,14192,ELA 629 (Enache et al 2011),22173,22174
16,14161,ELA 631 (Enache et al 2011),22114,22115
16,14193,ELA 651 (Enache et al 2011),22175,22176
16,14194,ELA 661 (Enache et al 2011),22176,22177
16,14196,ELA 938 (Enache et al 2011),22180,22181
27,14037,Glen Lake,21781,
27,14006,Kelly Lake,21714,21713
27,14007,Kennisis Lake,21716,21715
27,14008,Kushog Lake,21718,21717
27,14008,Kushog Lake,21720,21719
27,14014,Leech Lake,21732,21731
27,14015,Leonard Lake,21734,21733
27,14009,Little Clear,21722,21721
27,14013,Little Kennisis Lake,21730,21729
27,14010,Little Redstone Lake,21724,21723
27,14016,Maple Lake,21736,21735
27,14017,McKay Lake,21738,21737
27,14018,Moose Lake,21740,21739
27,14019,Muskoka Bay,21742,21741
27,14021,Oblong Lake,21746,21745
27,14022,Plastic Lake,21748,21747
27,14023,Red Chalk Lake,21750,21749
27,14023,Red Chalk Lake,21752,21751
27,14024,Red Pine Lake,21754,21753
27,14025,Redstone Lake,21756,21755
27,14038,Lake of Bays,21783,21782
27,14038,Lake of Bays,21785,21784
27,14026,Solitaire Lake,21758,21757
27,14027,Soyer's Lake,21760,21759
27,14034,St. Nora Lake,21776,21775
27,14035,Walker Lake,21778,21777
27,14036,Young Lake,21780,21779
4,17800,Barnes Lake,29964,43076
4,17990,Clear Pong (E.L.),30358,43089
4,720,Deep Lake,30735,43099
4,14223,Lake Arnold,30949,43125
4,18648,Little Echo Pond,31878,43130
4,18650,Merriam Lake,31882,43139
4,18688,Queer Lake,31958,43176
4,710,Arbutus Lake,40402,43074
4,711,Avalanche Lake,40403,43075
4,712,Bear Pond,40404,43077
4,23410,Bog Pond,40455,43081
4,713,Cat Mountain Pond,40456,43085
4,716,Copperas Pond (Fish Creek),40457,43092
4,715,Copperas Pond (Wilmington Notch),40458,43093
4,717,Cowhorn Pond,40459,43094
4,718,Crane Mountain Pond,40460,43095
4,721,Deer Lake,40461,43100
4,722,Dunk Pond,40462,43104
4,723,East Copperas Pond,40463,43105
4,724,Frank Pond,40464,43109
4,725,Giant Washbowl,40465,43110
4,726,Green Pond,40466,43114
4,727,Gull Pond,40467,43116
4,728,Heart Lake,40468,43118
4,729,Huntley Pond,40469,43120
4,730,Lake Madeleine [Jenkins Pond],40470,43121
4,736,Little Shallow Pond,40471,43133
4,737,Heavens Lake [Long Pond (TL)],40473,43137
4,739,Mountain Pond,40474,43143
4,740,Nick's Pond,40475,43168
4,741,Parch Pond,40476,43173
4,742,Pine Pond,40477,43175
4,743,Rock Pond,40478,43179
4,734,Lake Tear of the Clouds,40479,43124
4,22911,Washbowl Pond,40480,43153
4,17914,Big Moose Lake,43079,43079
4,735,Little Pine Pond,43132,43132
4,714,Clear P. (P.L.),43514,43090
4,732,Lake Colden,43515,43126
4,24460,Livingston P.,43516,43134
4,744,Round P.,43518,43180
4,746,Wolf L. (H.F.),43519,43158
4,24431,Black P.,43526,43080
4,24432,Bubb L.,43527,43082
4,24466,Moss L.,43528,43142
4,24433,Buck P.,43583,43083
4,24439,Crystal L.,43584,43096
4,24442,Doe P.,43585,43101
4,24445,Evergreen L.,43586,43106
4,24458,Little Clear P.,43587,43129
4,24459,Little Long P.,43588,43131
4,24463,Marsh P.,43589,43138
4,24495,Sunday P.,43590,43185
4,24435,Catamount P.,43591,43086
4,24477,Windfall Pond,46236,43157
4,745,Upper Wallface Pond,49249,43190
4,24436,Cheney Pond,51982,43087
4,24437,Chub L.,51983,43088
4,24438,Constable P.,51984,43091
4,24440,Curtis L.,51985,43097
4,24443,Dry Channel P.,51986,43102
4,24444,Duck L.,51987,43103
4,24446,Fish Ponds (NE),51988,43107
4,24447,Fourth L. (Bisby Lakes),51989,43108
4,24456,Lake Frances,51990,43127
4,24448,Grass P. (H.W.),51991,43111
4,24451,Gull L. (South),51992,43115
4,24452,Hawk P.,51993,43117
4,24453,Hitchcock L.,51994,43119
4,24454,John P.,51995,43122
4,24455,Kiwassa L.,51996,43123
4,24462,Long P. (K.R.),51997,43136
4,24464,Middle P.,51998,43140
4,24465,Middle South P.,51999,43141
4,24467,Mt. Arab L.,52000,43144
4,24483,Mud P. (no name),52001,43166
4,24482,Mud L. (S.L.),52002,43165
4,24484,Nate P.,52003,43167
4,24486,North Branch L.,52004,43170
4,24485,Nine Corner L.,52006,43169
4,24489,Partlow L.,52007,43174
4,24492,South L. (East Branch),52008,43182
4,24494,St. John L.,52009,43184
4,13539,Trout L. (Ed.),52010,43187
4,24497,Trout L. (P.L.),52011,43188
4,24473,Unknown P.,52012,43152
4,24475,Whitney L.,52013,43155
4,24476,Wilmurt L.,52014,43156
4,24478,Wolf L. (W.C.),52015,43159
4,24479,Woodhull L.,52016,43160
4,16574,Woods L. (S.L.),52017,43162
4,24481,Zack P.,52018,43164
4,24430,Bellows L.,,43078
4,24434,Cascade L.,,43084
4,24441,Dart's L.,,43098
4,24449,Grass P. (L.C.),,43112
4,24450,Grass P. (S.C.),,43113
4,24457,Lake Rondaxe,,43128
4,24461,Long L. (C.L.),,43135
4,24474,West P.,,43154
4,24480,Woodruff P.,,43161
4,24487,Otter L.,,43171
4,24488,Panther P.,,43172
4,24490,Raven L.,,43177
4,24491,Rock P. (K.R.),,43178
4,16608,Sagamore Lake,,43181
4,24493,Squash P.,,43183
4,24496,Townsend P.,,43186
4,24498,Twin Ponds (Eastern),,43189
3,23410,Bog Pond,40455,43081
3,713,Cat Mt. Pond,40456,43085
3,716,Copperas Pond (FC),40457,43092
3,715,Copperas Pond (WN),40458,43093
3,717,Cowhorn P.,40459,43094
3,718,Crane Mountain Pond,40460,43095
3,721,Deer Lake,40461,43100
3,722,Dunk P.,40462,43104
3,723,East Copperas Pond,40463,43105
3,724,Frank Pond,40464,43109
3,725,Giant Washbowl,40465,43110
3,726,Green Pond,40466,43114
3,727,Gull Pond,40467,43116
3,728,Heart Lake,40468,43118
3,729,Huntley Pond,40469,43120
3,730,Jenkins Pond [Lake Madeleine],40470,43121
3,736,Little Shallow Pond,40471,43133
3,735,Little Pine Pond,40472,43132
3,737,Long Pond (TL) [Heavens Lake],40473,43133
3,739,Mountain Pond,40474,43143
3,740,Nick's Pond,40475,43168
3,741,Parch Pond,40476,43173
3,742,Pine Pond,40477,43175
3,743,Rock Pond (TL),40478,43179
3,734,L. Tear of the Clouds,40479,43124
3,22911,Washbowl Pond,40480,43153
15,1222,Spiritwood Lake,51612,43425
15,1564,Lamb Lake,51444,43245
15,1766,West Okoboji Lake,51684,43496
15,2625,Berry Lake,40066,42924
15,9594,Beaver Lake,40061,42919
15,9596,Bean Lake,40059,42917
15,9716,Twin Lakes (Be),51652,43464
15,10034,Mud Lake (Ho),51510,43323
15,10091,Elk Lake,40260,43002
15,10273,Nesbitt Lake,51515,43328
15,10365,Goose Lake,40285,43025
15,11631,Sarah Lake,51584,43397
15,11666,Lake Nokomis,50406,43225
15,11767,Roundup Lake,51579,43392
15,13061,Sip Pond,51593,43406
15,13370,Wall Lake,51673,43485
15,13393,Big Lake (1),40071,42929
15,13768,Little Wall Lake,51458,43259
15,13840,Upper Pahranagat Lake,51663,43475
15,14288,Lake Wood,51440,43241
15,22680,NLA06608-3911,39389,42614
15,22681,NLA06608-0312,39390,42615
15,22682,NLA06608-0744,39391,42616
15,22683,NLA06608-3660,39392,42617
15,22684,NLA06608-0755,39393,42618
15,22685,NLA06608-1462,39394,42619
15,22686,NLA06608-1344,39395,42620
15,22687,NLA06608-0179,39396,42621
15,22688,NLA06608-0692,39397,42622
15,22689,NLA06608-0284,39398,42623
15,22690,NLA06608-1208,39399,42624
15,22691,NLA06608-1256,39400,42625
15,22692,NLA06608-0496,39401,42626
15,22693,NLA06608-0588,39402,42627
15,22694,NLA06608-1232,39403,42628
15,22695,NLA06608-1510,39404,42629
15,22696,NLA06608-1060,39405,42630
15,22697,NLA06608-1002,39406,42631
15,22698,Adams-McGill Reservoir,39407,42632
15,22699,Alamo,39408,42633
15,22700,Alice Lake,39409,42634
15,22701,Alpine (Hulls) Lake,39410,42635
15,22702,Alpine Lake,39411,42636
15,22703,Amistad Reservoir,39412,42637
15,22704,Anderson Lake,39413,42638
15,23272,Bassett Lake,40056,42914
15,23273,Bayley,40057,42915
15,23274,Beach Pond,40058,42916
15,23275,Beardsley Pond,40060,42918
15,23276,Becoosin Lake,40062,42920
15,23277,Beebe Lake,40063,42921
15,23278,Belleville Pond,40064,42922
15,23279,Bentley Lake,40065,42923
15,23280,Big Alkali Lake,40067,42925
15,23281,Big Barbee Lake,40068,42926
15,23282,Big Chapman,40069,42927
15,23283,Big Gibson Lake,40070,42928
15,23284,Big Stone Lake,40074,42931
15,23285,Bissonnette Pond,40075,42932
15,23286,Black Lake,40076,42933
15,23287,Blackfish Lake,40077,42934
15,23288,Blackman Lake,40078,42935
15,23289,Blanchard Lake,40079,42936
15,23290,Blomgren,40080,42937
15,23295,Blue Lake,40114,42940
15,23295,Blue Lake,40115,42940
15,23295,Blue Lake,40116,42940
15,23296,Blueberry Lake,40117,42941
15,23297,Bogie Lake,40118,42942
15,23298,Bowdish Reservoir,40119,42943
15,23299,Brant Lake,40120,42944
15,23300,Bridge Lake,40121,42945
15,23301,Brierpatch Lake,40122,42946
15,23302,Brooklyn Lake,40123,42947
15,23303,Browns Lake,40124,42948
15,23304,Bruce Lake,40125,42949
15,23305,Brush Lake,40126,42950
15,23306,Buckskin Lake,40127,42951
15,23307,Buffalo Lodge Lake,40128,42952
15,23308,Bull Lake,40129,42953
15,23309,Bull Trout Lake,40130,42954
15,23310,Caddo Lake,40131,42955
15,23311,Camp Lake,40132,42956
15,23312,Campbell Lake,40133,42957
15,23313,Carey Lake,40134,42958
15,23314,Carry Pond,40135,42959
15,23315,Caspian Lake,40136,42960
15,23316,Cass Lake,40137,42961
15,23317,Cassadaga Lake,40138,42962
15,23318,Cavanaugh Lake,40139,42963
15,23319,Cave Lake,40140,42964
15,23343,Darling,40240,42983
15,23344,Dean Lake,40241,42984
15,23345,Debouille Lake,40242,42985
15,23346,Deer Lake,40243,42986
15,23347,Denny Pond,40244,42987
15,23348,Derby Lake,40245,42988
15,23349,Devils Lake,40246,42989
15,23350,Dewey Lake,40247,42990
15,23351,Dick's Pond,40248,42991
15,23352,Donnell Lake,40249,42992
15,23353,Douglas Pond?,40250,42993
15,23354,Doyles Lake,40251,42994
15,23355,Duck Lake,40252,42995
15,23356,Eagle Lake (1),40253,42996
15,23356,Eagle Lake (1),40254,42996
15,23357,East Twin Lake,40255,42997
15,23358,East Woodcock Lake,40256,42998
15,23359,Echo Lake,40257,42999
15,23360,Eight Point Lake,40258,43000
15,23361,Elbow Lake,40259,43001
15,23362,Enemy Swim Lake,40261,43003
15,23363,Eureka Lake,40262,43004
15,23364,Fairy Lake,40263,43005
15,23365,Fan Lake,40264,43006
15,23366,Fanny Lake,40265,43007
15,23367,Fayant Lake,40266,43008
15,23368,Feather Lake,40267,43009
15,23369,Female Pond,40268,43010
15,23370,Fence Lake,40269,43011
15,23371,Fish Lake (1),40270,43012
15,23371,Fish Lake (1),40271,43012
15,23372,Fitzpatrick Lake,40272,43013
15,23373,Five Island Lake,40273,43014
15,23374,Flat Lake,40274,43015
15,23375,Flat River Reservoir,40275,43016
15,23376,Fletcher Lake,40276,43017
15,23377,Forbes Lake,40277,43018
15,23378,Fourth Debsconeag Lake,40278,43019
15,23379,Fourth Machias Lake,40279,43020
15,23380,Fox Lake (1),40280,43021
15,23380,Fox Lake (1),40281,43021
15,23381,Freemont Lake,40282,43022
15,23382,Gardner Pond,40283,43023
15,23383,George Wyth Lake,40284,43024
15,23384,Goose Pond,40286,43026
15,23384,Mirror Lake,51502,43315
15,23385,Gorton Pond,40287,43027
15,23386,Grass Lake,40288,43028
15,24273,Green Belt Lake,50249,43030
15,24276,Slack Reservoir,51595,43408
15,24282,Riga Lake,51566,43379
15,24283,West Hill Pond,51681,43493
15,24293,Peaked Mountian Pond,51538,43351
15,24294,Little Big Wood Pond,51452,43253
15,24295,HUDSON POND,50275,43055
15,24318,Upper Dan Forth Ponds,51660,43472
15,24319,Little Greenough Pond,51455,43256
15,24331,Lake Tranquility,50417,43236
15,24345,Sly Pond,51597,43410
15,24355,Miles Pond,51497,43310
15,24381,NLA-DIAT06608-1578,51722,
15,24385,Big Reed Pond,40072,42930
15,24387,Grassy Pond,50248,43029
15,24388,Green Lake,50250,43031
15,24389,Grimes,50252,43032
15,24390,Grist Millpond,50253,43033
15,24391,Grittman Lake,50254,43034
15,24392,Groton Reservoir,50255,43035
15,24393,Hackberry Lake,50256,43036
15,24394,Half Moon Lake,50257,43037
15,24395,Halfway Pond,50258,43038
15,24396,Hall Lake,50259,43039
15,24397,Hannaberry Lake,50260,43040
15,24398,Harper Lake,50261,43041
15,24399,Haskell Lake,50262,43042
15,24400,Heart Lake,50263,43043
15,24401,Heggs,50264,43044
15,24402,Henry's Lake,50265,43045
15,24403,Hert Lake,50266,43046
15,24404,Highland Lake,50267,43047
15,24405,Hi-Land Lake,50268,43048
15,24406,Hinkley's Pond,50269,43049
15,24407,Horseshoe Lake,50270,43050
15,24408,Horsfall Lake,50271,43051
15,24409,Hosmer Lake,50272,43052
15,24410,HOWARD POND,50273,43053
15,24411,Howe Lake,50274,43054
15,24412,Hungry Man Lake,50276,43056
15,24413,Ice Lake,50277,43057
15,24414,Ingham Lake,50278,43058
15,24415,Island Lake,50279,43059
15,24416,Island Pond,50283,43060
15,24417,Jobs Pond,50285,43061
15,24418,Johnson Lake,50286,43062
15,24419,Jump-off Joe Lake,50287,43063
15,24420,Kettle Brook Reservoir #1,50288,43064
15,24421,Keula Lake,50289,43065
15,24422,Killarney Lake,50290,43066
15,24423,Kitsap Lake,50292,43067
15,24424,Knowlton Pond,50293,43068
15,24425,Koontz Lake,50294,43069
15,24426,Lake Albert,50295,43070
15,24427,Lake Alice,50296,43071
15,24428,Lake Apopka,50297,43072
15,24429,Lake Au Sable,50298,43073
15,24499,Lake Bailey,50371,43191
15,24500,Lake Blaine,50374,43192
15,24501,Lake Blanchard,50375,43193
15,24502,Lake Brighton,50376,43194
15,24503,Lake Bruin,50377,43195
15,24504,Lake Byron,50378,43196
15,24505,Lake Champlain,50379,43197
15,24506,Lake Chemung,50380,43198
15,24507,Lake Cochrane,50381,43199
15,24508,Lake Coeur D'Alene,50382,43200
15,24509,Lake Concordia,50383,43201
15,24510,Lake Eli,50384,43202
15,24511,Lake Gogebic,50385,43203
15,24512,Lake Griffin,50386,43204
15,24513,Lake Haines,50387,43205
15,24514,Lake Hattie,50388,43206
15,24515,Lake Helen,50389,43207
15,24516,Lake Hinden,50390,43208
15,24517,Lake Isabel,50391,43209
15,24518,Lake Isabella,50392,43210
15,24519,Lake Jennie,50393,43211
15,24520,Lake Kampeska,50394,43212
15,24521,Lake Keewaydin,50395,43213
15,24522,Lake Kegonsa,50396,43214
15,24523,Lake Kenosia,50397,43215
15,24524,Lake Koeneman,50397,43216
15,24525,Lake Linka,50398,43217
15,24526,Lake Louise,50399,43218
15,24527,Lake Mary Ronan,50400,43219
15,24528,Lake Minnehaha,50401,43220
15,24529,Lake Minneola,50402,43221
15,24530,Lake Monroe,50403,43222
15,24531,Lake Myrtle,50404,43223
15,24532,Lake Nephawin,50405,43224
15,24533,Lake Oconomowoc,50407,43226
15,24534,Lake of the Woods,50408,43227
15,24535,Lake Okeechobee,50409,43228
15,24536,Lake Ottawa,50410,43229
15,24537,Lake Parker,50411,43230
15,24538,Lake Sainte Kathryn,50412,43231
15,24539,Lake Sammamish,50413,43232
15,24540,Lake Seminole,50414,43233
15,24541,Lake Tarpon,50415,43234
15,24542,Lake Thonotosass,50416,43235
15,24543,Lake Victoria,50418,43237
15,24544,Lake View Lake,50419,43238
15,24545,Lake Waramaug,50420,43239
15,24546,Lake Winnebago,51439,43240
15,24547,Lake Woodruff,51441,43242
15,24548,Lake Yale,51442,43243
15,24549,Lake Zoar,51443,43244
15,24550,Lamoille Lake,51445,43246
15,24551,Laurel Lake,51446,43247
15,24552,Lawne Lake,51447,43248
15,24553,Lewis Lake,51448,43249
15,24554,Lewis Lake (Pi.),51449,43250
15,24555,Likes Lake,51450,43251
15,24556,Little Bear Lake,51451,43252
15,24557,Little Clear Lake,51453,43254
15,24558,Little Elkhart Lake,51454,43255
15,24559,Little Otter,51456,43257
15,24560,Little Simer Pond,51457,43258
15,24561,Long Lake,51459,43260
15,24562,Long Lake(Wr.),51460,43261
15,24563,Long Lake (La.),51461,43262
15,24564,Long Lake(Ca.),51462,43263
15,24565,Long Lake (Ha.),51463,43264
15,24566,Long Lake (Ar.),51464,43265
15,24567,Long Lake (Main Bay),51465,43266
15,24568,Long Lake2,51466,43267
15,24569,Long Pond,51467,43268
15,24570,Long Pond (Hi.),51468,43269
15,24571,Long Pond (Fr.),51469,43270
15,24572,Long Pond (Ba.),51470,43271
15,24573,Lookout Lake,51471,43272
15,24574,Loon Lake,51472,43273
15,24575,Lost Lake,51473,43274
15,24576,Lotto Lake,51474,43275
15,24577,Lower Middle Branch,51475,43276
15,24578,Lower Thompson Lake,51476,43277
15,24579,Lower Twin Lake,51477,43278
15,24580,Lowes Lake,51478,43279
15,24581,Lums Pond,51479,43280
15,24582,Lynn Lake,51480,43281
15,24583,Maidstone Lake,51481,43282
15,24584,Mann Lake,51482,43283
15,24585,Marl Lake,51483,43284
15,24586,Marlette Lake,51484,43285
15,24587,Martin Lake,51485,43286
15,24588,Mary Lake,51486,43287
15,24589,Mayo Lake,51487,43288
15,24590,McClellan Lake,51488,43289
15,24593,McColley Pond,51489,43302
15,24594,McDonald,51490,43303
15,24595,McKeel Lake,51491,43304
15,24596,McLeod Lake,51492,43305
15,24597,Medical Lake,51493,43306
15,24598,Messick Lake,51494,43307
15,24599,Middle Chain Pond,51495,43308
15,24600,Midget Lake,51496,43309
15,24601,Mill Lake,51498,43311
15,24602,Miller Antrim Lake,51499,43312
15,24603,Mims Lake,51500,43313
15,24604,Minnow Lake,51501,43314
15,24605,Moon Lake,51503,43316
15,24606,Morris Reservoir,51504,43317
15,24607,Moses Lake,51505,43318
15,24608,Mother Lake,51506,43319
15,24609,Mountain Lake,51507,43320
15,24610,Mud Lake,51508,43321
15,24611,Mud Lake (Mc),51509,43322
15,24612,Muskegon Lake,51511,43324
15,24613,Musquash,51512,43325
15,24614,Mutske,51513,43326
15,24615,Navajo Lake,51514,43327
15,24616,Nest Lake,51516,43329
15,24617,Nolen Blue Hole,51517,43330
15,24618,North Ash Lake,51518,43331
15,24619,North Eagle,51519,43332
15,24620,North Fork Lake,51520,43333
15,24621,North Mayfield,51521,43334
15,24622,North Turn Lake,51522,43335
15,24623,North Twin Lake,51523,43336
15,24624,Norton Reservoir,51524,43337
15,24625,Norway Lake,51525,43338
15,24626,Noxontown Pond,51526,43339
15,24627,Nutleg East,51527,43340
15,24628,Okamanpeedan,51528,43341
15,24629,Olin Lake,51529,43342
15,24630,Oneida Lake,51530,43343
15,24631,Otter Lake,51531,43344
15,24632,Ozette Lake,51532,43345
15,24633,Pachaug Pond,51533,43346
15,24634,Palestine Lake (Ko.),51534,43347
15,24635,Palestine Lake (Un.),51535,43348
15,24636,Palmer Lake,51536,43349
15,24637,Payette Lake,51537,43350
15,24638,Pebble Lake,51539,43352
15,24639,Pelican Lake,51540,43353
15,24640,Pelican Lake (Cr),51541,43354
15,24641,Pere Marquette Lake,51542,43355
15,24642,Perkins Lake,51543,43356
15,24643,Phelps Lake,51544,43357
15,24644,Pickerel,51545,43358
15,24645,Pine Lake,51546,43359
15,24646,Pine Lake (Ke),51547,43360
15,24647,Pine Mountian Lake,51548,43361
15,24648,Plainfield Pond,51549,43362
15,24649,Pleasant Lake,51550,43363
15,24650,Pleasant Lake (Ox),51551,43364
15,24651,Plum Lake,51552,43365
15,24652,Price Lake,51553,43366
15,24653,Pushineer Pond,51554,43367
15,24654,Rat Lake,51555,43368
15,24655,Rath Lake,51556,43369
15,24656,Records Pond,51557,43370
15,24657,Red Deer Lake,51558,43371
15,24658,Red Mill Pond,51559,43372
15,24659,Red Rock,51560,43373
15,24660,Red Rock Lake,51561,43374
15,24661,Reedy Lake,51562,43375
15,24662,Rehfeldt Slough,51563,43376
15,24663,Rice Lake,51564,43377
15,24664,Richey Lake,51565,43378
15,24665,Robinson Lake,51567,43380
15,24666,Rock Lake,51568,43381
15,24667,Roderique Pond,51569,43382
15,24668,Roseland Lake,51570,43383
15,24669,Round Lake,51571,43384
15,24670,Round Lake (Po),51572,43385
15,24671,Round Lake (Va),51573,43386
15,24672,Round Lake (Ot),51574,43387
15,24673,Round Lake (Bo),51575,43388
15,24674,Round Lake (St),51576,43389
15,24675,Round Lake (Wh),51577,43390
15,24676,Round Valley Reservoir,51578,43391
15,24677,Rush Lake,51580,43393
15,24678,Sacheen Lake,51581,43394
15,24679,Saddle Lake,51582,43395
15,24680,Salmon Lake,51583,43396
15,24681,Schnur Lake,51585,43398
15,24682,School House Pond,51586,43399
15,24683,Sebasticook Lake,51587,43400
15,24684,Sheeler Lake,51588,43401
15,24685,Shell Lake,51589,43402
15,24686,Shepherd Lake,51590,43403
15,24687,Silver Lake Dover,51591,43404
15,24688,Singleton Pond,51592,43405
15,24689,Skinner Lake,51594,43407
15,24690,Sloans Lake,51596,43409
15,24691,Smith and Sayles Reservoir,51598,43411
15,24692,Smith Lake,51599,43412
15,24693,Smith Lake (Ga),51600,43413
15,24694,Snail Lake,51601,43414
15,24695,Soper Pond,51602,43415
15,24696,Sophie Lake,51603,43416
15,24697,South Banner Lake,51604,43417
15,24698,South Bay Lake Champlain,51605,43418
15,24699,South Chain Lake,51606,43419
15,24700,South Dry Wood Lake,51607,43420
15,24701,South Lake,51608,43421
15,24702,South Loon Lake,51609,43422
15,24703,South Twin Lake,51610,43423
15,24704,Sparks Lake,51611,43424
15,24705,Spring Lake,51613,43426
15,24706,Spring Lake (Ru),51614,43427
15,24707,Spring Lake (Ca),51615,43428
15,24708,Spring Lake (Ka),51616,43429
15,24709,Spring Lake (Ha),51617,43430
15,24710,Sprinq Lake,51618,43431
15,24711,Squaw Lake,51619,43432
15,24712,Squaw Lakes,51620,43433
15,24713,Starlight Lake,51621,43434
15,24714,Steverson Lake,51622,43435
15,24715,Stoner Lake,51623,43436
15,24716,Straight Lake,51624,43437
15,24717,Strakis Lake,51625,43438
15,24718,Strawberry Lake,51626,43439
15,24719,Stump Pond,51627,43440
15,24720,Sullivan Lake,51628,43440
15,24721,Swamp,51629,43441
15,24722,Swan Lake,51630,43442
15,24723,Swan Lake (Di),51631,43443
15,24724,Sy Lake,51632,43444
15,24725,Tallman Lake,51633,43445
15,24726,Tamarack Lake,51634,43446
15,24727,Thornapple Lake,51635,43447
15,24728,Tichigan Lake,51637,43449
15,24729,Tilden Pond,51638,43450
15,24730,Tims Lake,51639,43451
15,24731,Tioga Dam,51640,43452
15,24732,Tippecanoe Lake,51641,43453
15,24733,Tomhegan Pond,51642,43454
15,24734,Topaz Lake,51643,43455
15,24735,Torrey Lake,51644,43456
15,24736,Trail Lake,51645,43457
15,24737,Trappers Lake,51646,43458
15,24738,Trout Lake,51647,43459
15,24739,Trout Pond,51648,43460
15,24740,Turtlefoot Lake,51649,43461
15,24741,Turtlehead Pond,51650,43462
15,24742,Twin Lakes,51651,43463
15,24743,U Lake,51653,43465
15,24744,Union Pond,51654,43466
15,24745,Union Reservoir,51655,43467
15,24746,Unknown,51656,43468
15,24747,Unnamed Lake,51657,43469
15,24748,Unnamed Lake (Sh),51658,43470
15,24749,Unnamed Lake (St),51659,43471
15,24750,Upper Dinwoody Lake,51661,43473
15,24751,Upper Hatch,51662,43474
15,24752,Upper Pond,51664,43476
15,24753,Upper Sakatah Lake,51665,43477
15,24754,Upper Scott,51666,43478
15,24755,Van Patten Lake,51667,43479
15,24756,Vesper Lake,51668,43480
15,24757,Voydatch Pond,51669,43481
15,24758,Waldo Lake,51670,43482
15,24759,Waldron Lake,51671,43483
15,24760,Walker Lake,51672,43484
15,24761,Wallace Pond,51674,43486
15,24762,Wallum Lake,51675,43487
15,24763,Wapato,51676,43488
15,24764,Wapogasset Lake,51677,43489
15,24765,Warner Lake,51678,43490
15,24766,Watts Lake,51679,43491
15,24767,Welsh Lake,51680,43492
15,24768,West Lake,51682,43494
15,24769,West Leaf Lake,51683,43495
15,24771,Whitefish Lake,51685,43497
15,24772,Whitewater Lake,51686,43498
15,24773,Willard Pond,51687,43499
15,24774,Willow Lake,51688,43500
15,24775,Winnisquam Lake,51689,43501
15,24776,Winters Creek Lake,51690,43502
15,24777,Wononpakook Lake,51691,43503
15,24778,Wood Lake,51692,43504
15,24779,Wyckoff Lake,51693,43505
15,24780,Yawgoo Pond,51694,43506
15,24805,Island Lake (GA),50280,43551
15,24806,Island Lake (CA),50281,43552
15,24807,Island Pond (AR),50282,43553
15,24808,Island Pond (ES),50284,43554
15,24810,Unnamed (Stut),51700,43558
15,24811,NLA-DIAT06608-0259,51703,43559
15,24812,NLA-DIAT06608-0302,51704,43560
15,24813,NLA-DIAT06608-0339,51705,43561
15,24814,NLA-DIAT06608-0407,51707,43562
15,24815,NLA-DIAT06608-0414,51708,43563
15,24816,NLA-DIAT06608-0439,51709,43564
15,24817,NLA-DIAT06608-0442,51712,43565
15,24819,NLA-DIAT06608-0608,51714,43569
15,24821,NLA-DIAT06608-0663,51715,43567
15,24823,NLA-DIAT06608-0899,51716,43571
15,24824,NLA-DIAT06608-0915,51717,43572
15,24826,NLA-DIAT06608-1086,51719,43574
15,24829,NLA-DIAT06608-1155,51720,43577
15,24830,NLA-DIAT06608-1575,51721,43578
15,24833,NLA-DIAT06608-1735,51723,43581
15,27895,Thornburg Lake,51636,43448
15,,Chapman Pond,40143,42966
15,,Chase Lake,40144,42967
15,,Cheeseboro Lake,40145,42968
15,,Clark Co. Lake,40146,
15,,Clark Lake,40147,42969
15,,Clear Lake,40148,42970
15,,Clearwater Lake,40149,42971
15,,Concord Pond,40150,42972
15,,Cottonwood,40151,42973
15,,Cottonwood Lake,40152,42974
15,,Coursey Pond,40152,42975
15,,Cranberry,40153,42976
15,,Crescent Lake,40154,42977
15,,Crooked Lake,40155,42978
15,,Crooked Pond,40156,42979
15,,Crow Wing,40157,42980
15,,Crystal Lake,40158,42981
15,,Cusky Pond,40159,42982
38,28702,Ash Lake,53603,53643
38,28703,Atthilu Lake,53604,53644
38,28704,Axe Lake,53605,53645
38,28705,Blanchard Lake,53606,53646
38,28706,Cub Lake,53607,53647
38,28707,Decourcy Lake,53608,53648
38,28708,Emerald Lake,53609,53649
38,28709,Equisetum,53610,53650
38,28710,Fox Point,53611,53651
38,28711,Grayling Lake,53612,53652
38,28712,Hungry,53613,53653
38,28713,Jenny Lake,53614,53654
38,28714,Lake K801,53615,53655
38,28715,Lake K805,53616,53656
38,28716,Lake K819,53617,53657
38,28717,Keyhole Lake,53618,53658
38,28718,Lake KL1,53619,53659
38,28719,Kusawak Lake,53620,53660
38,28720,L1,53621,53661
38,28721,L2,53622,53662
38,28722,Little Hungry Lake,53623,53663
38,28723,Long Lake,53624,53664
38,28724,Otter Falls Lake,53625,53665
38,28725,Patrick Lake,53626,53666
38,28726,PC,53627,53667
38,28727,Louise Lake,53628,53668
38,28728,Pickhandle Lake,53629,53669
38,28729,Pine Lake,53630,53670
38,28730,Rat Lake,53631,53671
38,28731,Small Lake,53632,53672
38,28732,St Elias,53633,53673
38,28733,Stella Lake,53634,53674
38,2522,Sulphur Lake,53635,53675
38,28734,Teapot Lake,53636,53676
38,28735,Three Guardsmen Lake,53637,53677
38,28736,Trout Lake,53638,53678
38,28737,West Twin Lake,53639,53679
38,28738,WHA,53640,53680
38,28739,Wolverine Lake,53641,53681
38,28740,YF,53642,53682
